{
	"size":[780,600],
	"junior":[20, 330],
	"juniorDir":"east",
	
	"blockUnitSize": 30,
	"blocks": [
		[0,0,2,8],
		[24,0,26,8],
		[0,12,2,20],
		[24,12,26,20],
		
		[6,4,11,16],
		[15,4,20,16]
	],
	"finish" : [25, 8, 26, 12],
	"intersections": {
		"nodes": [
			[2, 0, 6, 4], 
			[11, 0, 15, 4],
			[20, 0, 24, 4],
			
			[2, 8, 6, 12],
			[11, 8, 15, 12],
			[20, 8, 24, 12],
			
			[2, 16, 6, 20],
			[11, 16, 15, 20],
			[20, 16, 24, 20]
		],
		"edges": {
			"0": [1, 3],
			"1": [0, 4, 2],
			"2": [1, 5],
			"3": [0, 6],
			"4": [1, 7],
			"5": [2, 8],
			"6": [3, 7],
			"7": [6, 4, 8],
			"8": [7, 5]
		}
	},
	
	"agentGraph": {
		"nodes": [
			{
				"id":5,
				"pos": [180.0, 30.0],
				"dir": "west"
			},
			{
				"id":0,
				"pos": [180.0, 90.0],
				"dir": "east"
			},
			{
				"id":15,
				"pos": [150.0, 120.0],
				"dir": "north"
			},
			{
				"id":2,
				"pos": [90.0, 120.0],
				"dir": "south"
			},
			{
				"id":1,
				"pos": [330.0, 90.0],
				"dir": "east"
			},
			{
				"id":4,
				"pos": [330.0, 30.0],
				"dir": "west"
			},
			{
				"id":11,
				"pos": [450.0, 30.0],
				"dir": "west"
			},
			{
				"id":8,
				"pos": [450.0, 90.0],
				"dir": "east"
			},
			{
				"id":19,
				"pos": [420.0, 120.0],
				"dir": "north"
			},
			{
				"id":6,
				"pos": [360.0, 120.0],
				"dir": "south"
			},
			{
				"id":9,
				"pos": [600.0, 90.0],
				"dir": "east"
			},
			{
				"id":10,
				"pos": [600.0, 30.0],
				"dir": "west"
			},
			{
				"id":23,
				"pos": [690.0, 120.0],
				"dir": "north"
			},
			{
				"id":12,
				"pos": [630.0, 120.0],
				"dir": "south"
			},
			{
				"id":3,
				"pos": [90.0, 240.0],
				"dir": "south"
			},
			{
				"id":14,
				"pos": [150.0, 240.0],
				"dir": "north"
			},
			{
				"id":27,
				"pos": [150.0, 360.0],
				"dir": "north"
			},
			{
				"id":16,
				"pos": [90.0, 360.0],
				"dir": "south"
			},
			{
				"id":7,
				"pos": [360.0, 240.0],
				"dir": "south"
			},
			{
				"id":18,
				"pos": [420.0, 240.0],
				"dir": "north"
			},
			{
				"id":33,
				"pos": [420.0, 360.0],
				"dir": "north"
			},
			{
				"id":20,
				"pos": [360.0, 360.0],
				"dir": "south"
			},
			{
				"id":13,
				"pos": [630.0, 240.0],
				"dir": "south"
			},
			{
				"id":22,
				"pos": [690.0, 240.0],
				"dir": "north"
			},
			{
				"id":39,
				"pos": [690.0, 360.0],
				"dir": "north"
			},
			{
				"id":24,
				"pos": [630.0, 360.0],
				"dir": "south"
			},
			{
				"id":31,
				"pos": [180.0, 510.0],
				"dir": "west"
			},
			{
				"id":28,
				"pos": [180.0, 570.0],
				"dir": "east"
			},
			{
				"id":17,
				"pos": [90.0, 480.0],
				"dir": "south"
			},
			{
				"id":26,
				"pos": [150.0, 480.0],
				"dir": "north"
			},
			{
				"id":29,
				"pos": [330.0, 570.0],
				"dir": "east"
			},
			{
				"id":30,
				"pos": [330.0, 510.0],
				"dir": "west"
			},
			{
				"id":37,
				"pos": [450.0, 510.0],
				"dir": "west"
			},
			{
				"id":34,
				"pos": [450.0, 570.0],
				"dir": "east"
			},
			{
				"id":21,
				"pos": [360.0, 480.0],
				"dir": "south"
			},
			{
				"id":32,
				"pos": [420.0, 480.0],
				"dir": "north"
			},
			{
				"id":35,
				"pos": [600.0, 570.0],
				"dir": "east"
			},
			{
				"id":36,
				"pos": [600.0, 510.0],
				"dir": "west"
			},
			{
				"id":25,
				"pos": [630.0, 480.0],
				"dir": "south"
			},
			{
				"id":38,
				"pos": [690.0, 480.0],
				"dir": "north"
			}
		],
		"edges": [
			[5, 2],
			[0, 1],
			[15, 0],
			[2, 3],
			[1, 8],
			[1, 6],
			[4, 5],
			[11, 4],
			[11, 6],
			[8, 9],
			[19, 4],
			[19, 8],
			[6, 7],
			[9, 12],
			[10, 11],
			[23, 10],
			[12, 13],
			[3, 16],
			[14, 15],
			[27, 14],
			[16, 17],
			[7, 20],
			[18, 19],
			[33, 18],
			[20, 21],
			[13, 24],
			[22, 23],
			[39, 22],
			[24, 25],
			[31, 26],
			[28, 29],
			[17, 28],
			[26, 27],
			[29, 34],
			[29, 32],
			[30, 31],
			[37, 30],
			[37, 32],
			[34, 35],
			[21, 30],
			[21, 34],
			[32, 33],
			[35, 38],
			[36, 37],
			[25, 36],
			[38, 39]
		]
    },
    
    "juniorGraph":{
        "nodes": [
            {
                "id":100,
                "pos":[20, 330],
                "dir":"east"
            }
        ],
        "edges" : [
            [100, 14]
        ]
    }
}